integrity,teamwork,innovation,respect,quality
accountability,collaborate,innovation,talent,customer
transparency,collaboration,innovative,empower,dedicated
responsibility,cooperation,innovate,team_member,dedicate
trust,collaborative,creativity,employee,customer_service
ethic,cooperative,creative,talented,service
ethical,partnership,technology,crew_member,dedication
accountable,cooperate,passion,talented_people,high-quality
transparent,work_closely,excellence,people,ensure
responsible,partner,customer_experience,empowerment,reliability
governance,teamwork,passionate,leadership,service_level
moral,industry_partner,capability,organization,client
corporate_social_responsibility,work_collaboratively,agile,staff,support
conscientious,engage,enable,skill,product
oversight,alliance,create,leadership_team,make_sure
independence,coordination,operational_excellence,technologist,capable
assure,collaborative_relationship,expertise,manager,end_user
culture_integrity,collaboratively,customer-centric,best_brightest,commitment
alignment,cross-functional,world-class,management_team,deliver
health_safety,dialogue,efficient,senior_leadership,service_delivery
compliance,jointly,storytelling,highly_talented,ability
trustworthy,collaborative_effort,inspiring,mentore,quality_reliability
human_rights,work,design_thinking,leader,resource
take_seriously,team_up,create_value,culture,service_offering
empathy,business_partner,innovative_product,entrepreneurial,service_model
company_culture,strategic_alliance,focus,entrepreneur,guest
socially_responsible,collaborator,creative_innovative,workforce,quality_product
privacy,strategic_partnership,product_innovation,technology_people,network
core_value,dialog,entrepreneurship,executive,customer_relationship
social_responsibility,relationship,agility,skill_set,service_product
objectivity,join_force,product_technology,high-caliber,service_experience
credibility,coordinate,ingenuity,top_talent,field
corporate_governance,technology_partner,efficiency,executive_team,speed
stewardship,work_closely_together,thought_leadership,incredibly_talented,quality_service
responsibility_accountability,collegial,innovative_solution,teammate,technical_capability
ethical_behavior,interaction,mission,employee_base,execution
hold_accountable,partnering,inspiration,team,service_quality
full_transparency,joint_effort,cutting-edge,technical_skill,in_order
continuity,key_stakeholder,craftsmanship,business_leader,client_service
utmost,joint,know-how,store_manager,customer_satisfaction
supervision,share_best_practice,differentiate,well-trained,customer_support
fiduciary,join_up,consumer_insight,leadership_group,serve
anonymity,gs1,design_capability,talented_team,supplier
fiduciary_responsibility,joint_development_committee,science,skill_knowledge,service_organization
safety_culture,partnership_approach,truly,highly_skilled,service_standard
rigor,co-creation,incredible,meritocracy,end_customer
patient_safety,involvement,platform,creative_talent,service_team
safety_soundness,ecosystem_partner,pride,career_path,quality_assurance
ethically,business_partnership,reinvent,talented_employee,specialize
care,collaborate_closely,transform,extremely_talented,product_quality
fairness,work_hand-in-hand,competency,professional,system
fiduciary_duty,co-create,powerful,sale_professional,infrastructure
assurance,federation,product_development,workplace,quality_standard
environmental_stewardship,partner_up,technology_innovation,knowledgeable,mission-critical
code_ethic,like-minded,innovation_capability,attract_talent,customer_care
passionately,technology_partnership,tool,caring,commit
ethic_compliance,datum_exchange,develop,talent_pool,specification
identity,clinical_collaboration,design,bench_strength,end-user
philanthropy,actively_engage,customer_intimacy,subject_matter_expert,location
environmental_sustainability,engagement,brand,senior_leader,high-value
traceability,collaborative_approach,technology_capability,front-line_employee,offer
consistency,mutual_benefit,value_proposition,career_opportunity,customer_base
skin_game,standard_body,user_experience,ambassador,engineering
safety_security,win-win,build,work_ethic,product_offering
risk_management,cross-functionally,competence,young_talent,offering
environmental_social,cooperatively,smart,motivate,quality_quantity
corporate_citizen,organize,embrace,attract_retain,quality_level
society,sharing_information,digital,talent_base,top-quality
safety_environmental,unite,dna,employer_choice,value-added
accountability_responsibility,research_institutes,analytic,subject_matter_expertise,specialized
duty_care,si_partner,automation,hardworking,secure
principle,communication,client_experience,adviser,delivery
safety,consortia,best-in-class,instructor,quality_experience
reward,joint_steering_committee,product_team,reskill,across_globe
incumbent_upon,cooperation_collaboration,importantly,senior_leadership_team,customer_need
humility,win-win_situation,consumer_experience,competent,quantity_quality
advocate,development_partner,scale,it_professional,application
security_privacy,research_agreement,r&d_team,consultant,all_of
honesty,mutually,cut_edge,management_people,customer_requirement
matter,joint_development,technology_platform,hard-working,reliable
corruption,co-operation,best_practice,community,vendor
datum_security,mutually_beneficial,solve_customer_problem,experienced_team,delivery_capability
freedom_association,bring_together,domain_expertise,skill_capability,enablement
performance_culture,highly_collaborative,bring,engage_workforce,program_management
satisfaction,together_with,differentiation,senior_executive,customer_service_team
regulator,openness,innovation_process,staff_member,customer_engagement
policy_procedure,academia,technology_team,recruit_retain,service_technician
ethos,deeply_involve,engineering_capability,field_leader,service_proposition
rebuild_trust,interact,highly_innovative,camaraderie,provider
personally,reach_out,innovation_team,inside_organization,energy
solidarity,collaboration_cooperation,ecosystem,highly_capable,service_solution
ensure_compliance,mutual_interest,proprietary_technology,recruit_train,high_degree_automation
sincere,co-selling,learn,salespeople,around_globe
cyber_risk,innovation_group,datum_analytic,business_people,digitally_enable
risk_control,research_collaboration,allow,recruiter,supply_chain_solution
science-based,partner_company,delight_customer,training,operation
fact-based,engage_dialogue,personalization,product_people,customer_demand
proper,business_relationship,customer-focused,skillset,contractor
authority,collegiate,amazing,experienced,equipment
policymaker,coalition,lean,branch_manager,software_application
compliance_law,engage_stakeholder,efficient_effective,work_environment,channel_partner
compliance_function,scientific_advisory_board,enhance,scientist,first-class
shareholder_stakeholder,advocacy_group,great,leadership_development,it_team
compassion,work_hand_glove,business_process,leadership_skill,quality_team
advocacy,constructive_relationship,modern,entrepreneurial_spirit,on-site
financial_literacy,foster,datum_science,top-notch,manage
decision-making,information_sharing,engineering_organization,personality,product_solution
transparency_accountability,continuous_dialog,core_competency,highly_qualify,highest_quality_product
legal_department,forge_partnership,harness,coworker,implementation_team
greater_transparency,involve,core_capability,local_community,customer_relation
delegate,steer_committee,solution,mentoring,solution-oriented
business_practice,work_council,innovative_creative,experienced_talented,tireless_effort
control,research_organization,core_innovation,care_deeply,software
deserve,pioneering,commercial_excellence,professionalism,value_prop
align,various_stakeholder,award-winning,engineer,delivery_team
attitude,health_plan_partner,business_model,experienced_leader,sale_effort
reward_system,party,discipline,talented_individual,bring_in
code_conduct,ongoing_dialogue,knowledge,talented_group,quality_customer_service
faith,strategic_alignment,engineering_team,diversity_inclusion,design_engineer
conduct_program,co-innovation,marketing_team,highly_engage,service_network
reputational,leader_field,digital_transformation,energetic,availability
must,association,effort,reputation,array
police,sharing,technological_capability,coaching,logistics
rigorous,co-development,simplicity,process_engineer,assortment
social_license_operate,consortium,unique,mission-driven,application_engineer
security_compliance,work_cooperatively,scalable,field_people,delivery_excellence
fully_transparent,multi-stakeholder,differentiate_offering,training_program,execute
lack_transparency,consult,mindset,admiration,sla
thoughtful,academic_institution,invest,organisation,strategy
day-to-day_basis,alliance_program,competitive_advantage,young_engineer,demand
misconduct,thought_leader,intelligent,autonomy,loyal
instil,industry_body,successful,re-skill,require
exemplary,technology_firm,data-driven,passion_commitment,building
criminal,constructive_discussion,become_efficient,dignity,customer_service_organization
datum_privacy,research_institution,improve_customer_experience,motivated,application_engineering
comply_law,think_tank,cutting-edge_technology,counselor,customer_service_level
decision_rights,contact,truly_differentiate,apprentice,requirement
courage,innovation_ecosystem,engaging,teach,customer_location
safe_sound,worker_council,technology_leadership,trust_advisor,war_fighter
steward,partnership_alliance,operational_efficiency,colleague,service_operation
compliance_program,academic_collaborator,constantly_innovate,skilled,uptime
auditing,research_team,ideation,culturally,ground
board_committee,fintech,intelligence,trained,project_management
meet_regularly,assist,go-to-market_capability,marketing_people,field_team
conflict_interest,alliance_partner,analytic_capability,institutional_knowledge,business
seriousness,supplier_partner,authentic,veteran,in-home
deeply_commit,expert_field,personalized,sale_team,safe_reliable
harm,university,focused,energize,dedicated_resource
alignment_interest,working_relationship,efficiently,investment_professional,meet_customer_requirement
ethical_standard,explore,design_team,technical_expertise,tailor
behaviour,health_authority,creatively,servant,support_organization
climate_change,community_engagement,world-leading,domain_expert,key_account_management
hubris,co-innovate,end-to-end,hire,customer_site
quality_control,discussion,technologically,sale_manager,product_management_team
instill,patient_advocacy_group,connectivity,leadership_training,necessary
risk_committee,external_expert,solve_problem,development_team,bandwidth
legitimacy,technology_provider,content,people_development,efficiency_productivity
board_oversight,engage_deeply,continuous_improvement,deep_bench,fulfillment
obligation,studio_partner,integrate,senior_management_team,guest_service
corporate_governance_standard,solution_partner,optimize,talented_engineer,system_engineer
evidence-based,cross_functional,problem-solving,attract_retain_best,field_personnel
comply,interoperability,service_capability,career_development,end-customer
ownership_culture,create_win-win,distinctive,athlete,quality_content
unbiased,conversation,efficiency_effectiveness,sale_executive,service_excellence
trade_association,good_working_relationship,vision,advisor,brand_partner
religious,interdisciplinary,reimagine,executive_committee,packaging_solution
disciplinary,active_dialogue,branding,fit_culture,sale_specialist
compliance_department,deep_relationship,customer_value,executive_level,shopping_experience
determination,mutual_trust,core_competence,sale_people,customer_connection
imperative,research_program,speed_agility,skill_expertise,quality_work
freedom,engineering_group,machine_learning_ai,core_team,on-time_delivery
financial_crime,customer_team,customer_centricity,inspire,build_out
worker_rights,scientific,democratize,team-based_approach,design_engineering
committee,advisory_council,value,educate,excellent
tenacity,align_incentive,customer_insight,stylist,installation_team
honest,fruitful_discussion,leverage_technology,mentor,support_team
mission_statement,jointly_develop,engagement_model,human_capital,logistics_capability
truth,newly_form,heritage,executive_leadership_team,technical
emotional,brainstorm,artificial_intelligence_machine_learning,part_people,deploy
risk_system,joint_development_project,disruptive_innovation,businesspeople,service_people
social_environmental,best-practice,visionary,seasoned_executive,importance
wrongdoing,form_alliance,consumer_engagement,sale_associate,it_capability
honesty_integrity,supply_chain_partner,forefront,project_management_team,amenity
conflict,trade_union,inspirational,management_skill,logistics_solution
credo,research_institute,simplify,highly_experienced,key
protect,marketing_function,workflow,designer,customer-facing
value_system,proactively_engage,experiential,well-educated,quality_freshness
compliant,community_group,core_technology,field_organization,customer_journey
audit_committee,actively_involve,scalability,highly_motivated,depth_breadth
rest_assure,conduct_clinical_trial,human-centered,give_back_community,client_relationship
finance_function,harmonious,high-touch,worker,customer_interaction
morally,formal_informal,authenticity,advice,factory
environmentally_responsible,together_collaboratively,immersive_experience,recruit_onboard,customer_application
p&l_responsibility,idea_generation,productive,empower_employee,product_information
impartial,marketing_relationship,excitement,expert,engineering_support
safeguard,bring_we_in,improve_efficiency,respectful,partner_ecosystem
sincerely,cooperation_agreement,domain_knowledge,management_member,support_model
act_responsibly,formalize,consumer-centric,it_group,job_site
sense_urgency,collaborative_manner,invent,industry_expertise,business_continuity
information_security,local_council,employee_experience,bring_on_board,training_system
promise,software_house,knowledge_expertise,operating_committee,training_capability
deep_insight,vendor_community,customer_success,dedicated_team,deliverable
well-being,constructive_dialogue,guest_experience,train,work_site
mindset_culture,deep_integration,customer_focus,client_team,field_technician
peace_mind,research_group,proven,intellect,exceptional_customer_service
finance_department,design_partner,bring_bear,succeed,delivery_experience
governance_system,team_messaging,innovation_standpoint,nurture,buying_team
diligent,link_up,deep_expertise,best_athlete,after-sale_service
money_laundering,work_group,digitization,recruiting_team,highly_engineer_product
compliance_regulatory,university_partner,depth_expertise,brand_manager,responsiveness
rule_law,cross-divisional,manufacturing_technology,well-respected,system_capability
adherence,partnership_opportunity,product_capability,researcher,store_experience
regulatory_oversight,educational_institution,go-to-market,healthcare_professional,basics
trust_trust,work_constructively,breakthrough_innovation,relationship_banker,infrastructure_team
team_effort,wechat,sophistication,equality,customer_commitment
ownership_accountability,customer_knowledge,technology_base,plant_manager,customer_promise
level_playing_field,licensor,technology_leader,accomplished,control_capability
ceo_level,ant_financial,specialization,retain_talent,highly_reliable
supervisory,public-private_partnership,software_technology,faculty,mission-critical_application
communication_strategy,brand_team,platform_capability,senior-level,dedicate_resource
enforce,business_leadership,technology_standpoint,security_people,product_expertise
every_aspect,key_opinion_leader,intellectual_property,education_training,r&d_lab
auditable,co-develop,high-quality_content,caliber,sale_capability
institutionalize,industry_organization,uniquely,quality_people,human_resource
quality_management_system,industry_collaboration,transformation,succession_planning,technical_assistance
scrutiny,oem_vendor,technology_strategy,business_acumen,service_level_agreement
leadership_style,institutes,r&d_capability,product_manager,customer-oriented
good_faith,actively_participate,application_expertise,talented_experienced,excellent_customer_service
shareholder,rights_holder,innovator,commercial_banker,food_quality
compliance_process,sister_company,nimble,finance_organization,competitiveness
confidentiality,ministry,innovation_engine,sale_organization,committed
crime,co-market,devop,project_manager,supply_capability
bureaucracy,oncology_group,design_organization,leadership_capability,production_team
disciplined,federal_government_agency,highly_personalized,intern,engineering_manufacturing
principled,worker_representative,supply_chain_capability,operating_team,meet_customer_expectation
proper_governance,govern_body,entire_ecosystem,cultural,system_engineering
governance_committee,ongoing_dialog,technological,proud,manufacturing_capability
adhering,co-build,together,professionally,criticality
governance_model,heavily_engage,core_experience,educator,sale_team_member
decentralized,consultation,customer_interface,senior_management,take_care
careful,collaboration_partner,digitalization,key_account_manager,customer_expectation
product_safety,communication_collaboration,creativity_innovation,technician,customer_delivery
highly_compliant,research_department,agile_nimble,well-experienced,support_capability
accountability_ownership,deepen_partnership,enterprise_analytic,crewmember,quality_on-time_delivery
honorable,collaboration_effort,innovation_model,highly_motivate,manufacturing_team
welfare,partnership_team,technology_perspective,relationship_manager,quality_requirement
cohesion,system_integrator,innovation_strategy,trust_adviser,project_management_capability
external_auditor,tier_1_oem,loyalty,intellectual_capital,dedication_commitment
protect_integrity,regulatory_agency,business_system,knowledge_transfer,aftermarket_support
abuse,elect_official,success,talented_executive,reliability_safety
provider_community,open_api,sophisticated,selling_team,client_requirement
transfer_agent,sharing_best_practice,effective_efficient,talent_development,meeting_customer
comply_regulation,friendship,in-store_experience,hands-on,presale_team
accusation,success_effort,engineering_expertise,tech_people,client_need
unanimity,sit_down,information_technology,experienced_professional,service_support
confidential_information,rapport,product_experience,development_organization,cross-functional_team
financial_discipline,signatory,frankly,board_member,store_execution
honor,win-win_partnership,enabler,internally_externally,coverage_model
advise,dana-farber,technology_enablement,empathetic,outstanding_job
credible,co-marketing,critical,passion_energy,core_infrastructure
information_flow,government_agency,multifunctional,leadership_level,experience_level
governance_process,research_center,smarter,product_knowledge,meet
audit_team,pilot_union,state-of-the-art,humble,safety_reliability
counsel,partnership_perspective,foundation,district_manager,energy_passion
health_safety_environment,reach_agreement,ai_technology,management_talent,service_need
management_system,sponsor,enterprise_capability,champion,resourcing
serious,distribution_partnership,leverage,knowledge_base,business_need
disclosure_transparency,biopharmaceutical_company,immersive,project_leader,fully_commit
violate,payer_partner,rapid_prototyping,highly_educate,devotion
privacy_security,facilitate,productivity_efficiency,account_executive,service_personnel
reassure,provider_partner,technology_organization,researcher,devoted
compromise,research_lab,customer-led,recruiting_retain,guest_expectation
capitalism,business_collaboration,intimacy,software_developer,guest_need
vested_interest,dealings,interface,executive_management_team,loyalty
employee_safety,government_partner,easy-to-use,extremely_competent,classroom_experience
food_safety,engineering_level,technology-based,marketing_person,tireless
regulatory_compliance,collaboration_opportunity,next_generation,family,carrier_partner
accreditation,pharmaceutical_company,automate,sale_leader,proficiency
inclusion_diversity,commercialize_drug,technology_solution,front_line,supplier_quality
unethical,task_force,mobile-first,financial_adviser,custom_solution
genuinely,outreach,attract,across_entire_organization,technology_requirement
behalf,coordinate_effort,wonderful,talented_folk,client_interface
govern,prosecutor_office,supply_chain,inspired,relationship_management
fraud,local_government,marketing,employee_group,seamless
convince,co-opetition,execution_capability,right_tool,
honestly,win/win,around_world,store_leader,
good_corporate_citizen,team_work,customer_solution,ability_attract_retain,
datum_accuracy,forward-thinking,technology_tool,marketing_organization,
rule_regulation,business_arrangement,brand_experience,training_team,
absolutely,verily,customer-centricity,management,
religion,constructive_conversation,development_capability,skill_level,
decentralize,partnership_relationship,promote,reskilling,
safe_secure,trustful,marketplace,executive_management,
incitec_pivot,supply_partner,entrepreneurial_culture,employer,
policy_maker,integration_partner,flexible,employee_engagement,
impartiality,organize_labor,a_lot_of,line_manager,
conscience,find_win-win_solution,effortless,selling_organization,
health_information,stakeholder_involve,innovation_agenda,young_people,
credentials,shared,product_design,team_player,
shareholder_rights,open_up_api,technology_infrastructure,executive_leadership,
community_expectation,pharma_partner,creator,every_single_person,
spirit,workshop,productivity,management_group,
spiritual,work_relationship,artificial_intelligence,account_manager,
allegation,establish,fantastic,real_estate_professional,
fiduciary_standard,multilateral,visual_merchandising,highly_competent,
internal_auditor,consulting_team,industry_leadership,grateful,
consumer_protection,intimately_involve,valuable,it_organization,
tcfd,work_diligently,end-to-end_capability,dedication_passion,
reputational_risk,tightly_integrate,curation,purpose-driven,
customer_datum,advocacy_organization,knowhow,expert_team,
constituency,deeply_integrate,highly_efficient,cultural_fit,
certainty,group_work,service_culture,citizen,
critical_importance,government_relation,drive,community_member,
trustworthiness,orchestrate,reengineer_process,customer_community,
inclusiveness,business_agreement,merchandising,training_education,
day-to-day_life,mutual_respect,agility_flexibility,extraordinarily_talented,
acutely_aware,interoperable,power,managing_director,
customer_trust,oncomed,software_team,dignity_respect,
medical_community,development_group,showcase,competency_capability,
legally,integration,productivity_tool,seasoned_experienced,
compliance_team,restaurant_owner,product_engine,customer_success_organization,
internal_audits,cooperative_group,customer-facing_technology,staffer,
mentality,consortium_partner,application_development,leadership_role,
humane,works,essential,marketing_leader,
datum_integrity,unified,uniqueness,world-class_talent,
selfless,pull_together,client-centric,upskill,
happiness,consultative,cost-effective,man_woman,
sexual_harassment,partner_organization,proposition,practitioner,
insist,cohesiveness,relentless_focus,supervisor,
diligence,liaise,operating_model,high-performing,
restore_trust,opinion_leader,building_brand,specialist,
make_mistake,work_on,shop_floor,depth_talent,
paranoid,integrator,marketing_capability,teaching,
fidelity,creation,clever,highly-skilled,
ingrain,communicative,technological_innovation,reskil,
emotion,well-organized,operation_excellence,marketeer,
seriously,conduct,incredibly_important,c_suite,
unwavering,partner_network,360-degree,sale_marketing_people,
investor_community,healthcare_ecosystem,enhance_customer_experience,win_heart_mind,
property_rights,deeply_engage,digitalized,retrain,
bureaucrat,academic_community,improve_productivity,financial_planner,
condone,advisory_board,delight,underwriter,
praise,socialize,automation_technology,profession,
multi-boutique_model,program_management_team,opportunity,task,
lawmaker,solution_center,engage_fan,salesforce,
applaud,prosecutor,relevance,technical_expert,
work-life_balance,strategy_team,technological_solution,decision_maker,
secrecy,phrma,partner_community,culture_culture,
fiduciary_obligation,re100,ip,hire_best_brightest,
provenance,platform_provider,marketer,it_folk,
admiration,crm_partner,brand_promise,training_people,
lobbying,crada,engineering_excellence,train_up,
everybody,partnership_strategy,innovation_platform,customer_service_people,
external_stakeholder,regulatory_authority,product_differentiation,attract_retain_talent,
community_standard,patient_advocacy,desire,team_assemble,
government,help_each_other_out,inside,credential,
ruthless,content_creator,r&d_organization,community_leader,
consent_management,union_leadership,state-of-the-art_technology,health_care_professional,
gatekeeper,participate,nimbleness,respected,
scientifically,collaboration_agreement,technology-driven,engineer_scientist,
emotionally,3gpp,client_value,brain_trust,
partisan,interoperate,architecture,investment_team,
cut_corner,airport_authority,ease_use,expertise_knowledge,
philanthropic,tribe,excel,r&d_people,
pragmatic,constructive_dialog,improve_client_experience,business_owner,
adversarial,heavily_involve,platform_technology,journalistic,
take_lightly,social,critically_important,account_team,
unsafe,community_support,integrate_solution,caregiver,
ingrained,reimbursement_team,center_excellence,knowledge_worker,
corrupt,startup_ecosystem,culinary_team,ability_recruit_retain,
respect,industry_knowledge,modernize,doctor_nurse,
openness_transparency,cross-fertilization,experience,account_management_team,
frustration,set_up,customization,talented_hard-working,
deeply_root,instrumental,datum_science_team,deep_knowledge,
consciousness,content_team,datum_analytic_capability,invaluable,
wholeheartedly,market_knowledge,scalable_platform,attract_talented,
acknowledge,digitalize,technical_competency,marketing_department,
government_official,collaborative_culture,digital_marketing,servant_leader,
forthright,open_door,connected_world,trade_people,
candor,forge_relationship,innovation_perspective,hire_experienced,
legitimate,collaboration_model,newness_innovation,diverse_background,
testimony,technology_supplier,beauty,board_room,
bureaucratic,developer,supply_chain_organization,artist,
victim,exclusive_agreement,cohesive,wealth_experience,
evil,harmoniously,agile_methodology,industry_experience,
never,partnership_basis,ai_analytic,boot_ground,
wisdom,provider_payer,nimble_agile,operation_team,
well-run_company,software_supplier,invention,assistant,
complacency,hardware_manufacturer,solution_team,entrust,
opinion,device_manufacturer,human_interface,employer_employee,
quite_frankly,oneconnect,great_job,live_breathe,
stupidity,design_group,diversity,store_team,
arrogance,open_source_community,supply_chain_management,talented_management_team,
discredit,governmental_agency,versatility,board,
reality,development_partnership,digitally,motivation,
quite_candidly,supportive,high-performance,train_staff,
arrogant,eager,building_tool,freelancer,
candid,not-for-profit_organization,tremendous,boardroom,
egalitarian,study_group,team_culture,humanity,
scrupulous,form_joint_venture,informatics,owner/operators,
onus,agronomist,ai_capability,store_associate,
custodian,transfer_knowledge,important,change_management,
nonpartisan,togetherness,3-d_printing,supervise,
,resolve_issue,open_architecture,national_account_team,
,community_consultation,marketing_engine,cadre,
,research-based,consumer,fellow,
,media_partner,truly_innovative,world-renowned,
,team_spirit,automation_ai,attract_retain_motivate,
,industry_partnership,analytical_capability,management_folk,
,engagement_process,customize,role_model,
,patient_advocate,quality_management,receptionist,
,investigate,agile_flexible,interview_process,
,constructively,gamification,operation_leader,
,investigative,fun,business_manager,
,intimate_relationship,concept,troops,
,sign_agreement,exciting,coach_mentor,
,external_party,technology_development,long-tenured,
,installation_contractor,storyteller,teacher,
,cordial,visualization,high-skilled,
,peer_review,contemporary,renowned,
,crowdsource,learning,c-level,
,shared_vision,relentlessly,filmmaker,
,private/public,knowledge_know-how,reward_recognition,
,regulator_policymaker,superior_customer_experience,vp_level,
,reputable,fbs,trailhead,
,comprehensive_solution,live_op,welcoming,
,ensure_smooth_transition,show_off,appreciative,
,stakeholder_group,vendor_partner,entire_management_team,
,participatory,architect,charismatic,
,industry_association,differentiator,full-time,
,common_ground,deep_domain_knowledge,administrator,
,great_working_relationship,bring_table,could_prouder,
,party_involve,digital_native,alumnus,
,constructive_engagement,multi-platform,home_office,
,,omnichannel_experience,succession_plan,
,,deliver_promise,technology_expert,
,,product_development_team,career,
,,relentless,people_business,
,,design-led,pay_tribute,
,,bring_people_in,privilege,
,,analytic_team,independent_contractor,
,,social_media,admire,
,,brand_identity,corporate_office,
,,culture_continuous_improvement,culture_accountability,
,,distinctiveness,operating_expertise,
,,artistic,distinguished,
,,restaurant_experience,c-suite,
,,tagline,extremely_impressed,
,,innovation_creativity,stature,
,,integrated,cultivate,
,,brilliant,deep_understanding,
,,flawless_execution,servant_leadership,
,,,morale,
,,,attract_best_brightest,
,,,thankful,
,,,building_relationship,
,,,genetic_counselor,
,,,self-expression,
,,,health_enthusiast,
,,,union,
,,,case_manager,
,,,work_tirelessly,
,,,resident,
,,,decision-maker,
,,,host_community,
,,,shout_out,
,,,risk_manager,
,,,team-oriented,
,,,privileged,
,,,democracy,
,,,project_team,
,,,go-to-market_team,
,,,constituent,
,,,patient_community,
